{"name":"8755ea70-60d0-42b4-af02-b8b5f52247c8","id":"/providers/Microsoft.Flow/flows/8755ea70-60d0-42b4-af02-b8b5f52247c8","type":"Microsoft.Flow/flows","properties":{"apiId":"/providers/Microsoft.PowerApps/apis/shared_logicflows","displayName":"AzureAD Expiration Notification","definition":{"metadata":{"workflowEntityId":null,"processAdvisorMetadata":null,"flowChargedByPaygo":null,"flowclientsuspensionreason":"None","flowclientsuspensiontime":null,"flowclientsuspensionreasondetails":null,"creator":{"id":"28473be9-01db-479f-8c0e-ff3b6fe820d7","type":"User","tenantId":"00c21c10-6c0b-4daa-a300-750c4d552bed"},"provisioningMethod":"FromDefinition","failureAlertSubscription":true,"clientLastModifiedTime":"2024-09-18T15:52:16.7343291Z","connectionKeySavedTimeKey":"2024-09-18T15:52:16.7343291Z"},"$schema":"https://schema.management.azure.com/providers/Microsoft.Logic/schemas/2016-06-01/workflowdefinition.json#","contentVersion":"1.0.0.0","parameters":{"$authentication":{"defaultValue":{},"type":"SecureObject"},"$connections":{"defaultValue":{},"type":"Object"}},"triggers":{"Scheduled_Flow":{"recurrence":{"frequency":"Month","interval":1},"type":"Recurrence"}},"actions":{"Initialize_variable_-_clientSecret":{"runAfter":{"Initialize_variable_-_displayName":["Succeeded"]},"type":"InitializeVariable","inputs":{"variables":[{"name":"clientSecret","type":"string","value":"clientsecretgoeshere"}]}},"Initialize_variable_-_clientId":{"runAfter":{"Initialize_variable_-_clientSecret":["Succeeded"]},"type":"InitializeVariable","inputs":{"variables":[{"name":"clientId","type":"string","value":"clientidgoeshere"}]}},"Initialize_variable_-_tenantId":{"runAfter":{"Initialize_variable_-_clientId":["Succeeded"]},"type":"InitializeVariable","inputs":{"variables":[{"name":"tenantId","type":"string","value":"tenantidgoeshere"}]}},"HTTP_-_Request_Token":{"runAfter":{"Initialize_variable_-_daystilexpiration":["Succeeded"]},"type":"Http","inputs":{"uri":"https://login.microsoftonline.com/@{variables('tenantId')}/oauth2/v2.0/token","method":"POST","headers":{"Content-Type":"application/x-www-form-urlencoded"},"body":"client_id=@{variables('clientId')}&scope=https://graph.microsoft.com/.default&client_secret=@{variables('clientSecret')}&grant_type=client_credentials"}},"Parse_JSON_-_Retrieve_token_info":{"runAfter":{"HTTP_-_Request_Token":["Succeeded"]},"type":"ParseJson","inputs":{"content":"@body('HTTP_-_Request_Token')","schema":{"type":"object","properties":{"token_type":{"type":"string"},"expires_in":{"type":"integer"},"ext_expires_in":{"type":"integer"},"access_token":{"type":"string"}}}}},"Initialize_variable_-_appId":{"runAfter":{},"type":"InitializeVariable","inputs":{"variables":[{"name":"appId","type":"string"}]}},"Initialize_variable_-_displayName":{"runAfter":{"Initialize_variable_-_appId":["Succeeded"]},"type":"InitializeVariable","inputs":{"variables":[{"name":"displayName","type":"string"}]}},"Initialize_variable_-_passwordCredentials":{"runAfter":{"Initialize_variable_-_tenantId":["Succeeded"]},"type":"InitializeVariable","inputs":{"variables":[{"name":"passwordCredentials","type":"array"}]}},"Initialize_variable_-_html":{"runAfter":{"Initialize_variable_-_styles":["Succeeded"]},"type":"InitializeVariable","inputs":{"variables":[{"name":"html","type":"string","value":"<table @{variables('styles').tableStyle}><thead><th @{variables('styles').headerStyle}>Application ID</th><th @{variables('styles').headerStyle}>Display Name</th><th @{variables('styles').headerStyle}>Days until Expiration</th><th @{variables('styles').headerStyle}>Type</th><th @{variables('styles').headerStyle}>Expiration Date</th></thead><tbody>"}]}},"Append_to_variable_html":{"runAfter":{"Do_until":["Succeeded"]},"type":"AppendToStringVariable","inputs":{"name":"html","value":"<tbody></table>"}},"Initialize_variable_-_styles":{"runAfter":{"Initialize_variable_-_keyCredentials":["Succeeded"]},"type":"InitializeVariable","inputs":{"variables":[{"name":"styles","type":"object","value":{"tableStyle":"style=\"border-collapse: collapse;\"","headerStyle":"style=\"font-family: Helvetica; padding: 5px; border: 1px solid black;\"","cellStyle":"style=\"font-family: Calibri; padding: 5px; border: 1px solid black;\"","redStyle":"style=\"background-color:red; font-family: Calibri; padding: 5px; border: 1px solid black;\"","yellowStyle":"style=\"background-color:yellow; font-family: Calibri; padding: 5px; border: 1px solid black;\""}}]}},"Do_until":{"actions":{"Get_future_time":{"runAfter":{"Parse_JSON":["Succeeded"]},"type":"Expression","kind":"GetFutureTime","inputs":{"interval":45,"timeUnit":"Day"}},"foreach_-_apps":{"foreach":"@body('Parse_JSON')?['value']","actions":{"Set_variable_-_appId":{"type":"SetVariable","inputs":{"name":"appId","value":"@items('foreach_-_apps')['appId']"}},"foreach_-_passwordCreds":{"foreach":"@variables('passwordCredentials')","actions":{"Future_time_is_greater_than_endDate_-_passwordCreds":{"actions":{"Append_to_string_variable":{"runAfter":{"Set_variable":["Succeeded"]},"type":"AppendToStringVariable","inputs":{"name":"html","value":"<tr><td @{variables('styles').cellStyle}><a href=\"https://ms.portal.azure.com/#blade/Microsoft_AAD_RegisteredApps/ApplicationMenuBlade/Credentials/appId/@{variables('appId')}/isMSAApp/\">@{variables('appId')}</a></td><td @{variables('styles').cellStyle}>@{variables('displayName')}</td><td @{if(less(variables('daystilexpiration'),15),variables('styles').redStyle,if(less(variables('daystilexpiration'),30),variables('styles').yellowStyle,variables('styles').cellStyle))}>@{variables('daystilexpiration')} </td><td @{variables('styles').cellStyle}>Secret</td><td @{variables('styles').cellStyle}>@{formatDateTime(item()?['endDateTime'],'g')}</td></tr>"}},"EndTimeTickValue":{"type":"Compose","inputs":"@ticks(item()?['endDateTime'])"},"StartTimeTickValue":{"runAfter":{"EndTimeTickValue":["Succeeded"]},"type":"Compose","inputs":"@ticks(utcnow())"},"DifferenceAsDays":{"runAfter":{"StartTimeTickValue":["Succeeded"]},"type":"Compose","inputs":"@div(div(div(mul(sub(outputs('EndTimeTickValue'),outputs('StartTimeTickValue')),100),1000000000), 3600), 24)"},"Set_variable":{"runAfter":{"DifferenceAsDays":["Succeeded"]},"type":"SetVariable","inputs":{"name":"daystilexpiration","value":"@outputs('DifferenceAsDays')"}}},"else":{"actions":{}},"expression":{"greaterOrEquals":["@body('Get_future_time')","@item()?['endDateTime']"]},"type":"If"}},"runAfter":{"Set_variable_-_keyCredentials":["Succeeded"]},"type":"Foreach","runtimeConfiguration":{"concurrency":{"repetitions":1}}},"Set_variable_-_displayName":{"runAfter":{"Set_variable_-_appId":["Succeeded"]},"type":"SetVariable","inputs":{"name":"displayName","value":"@items('foreach_-_apps')['displayName']"}},"Set_variable_-_passwordCredentials":{"runAfter":{"Set_variable_-_displayName":["Succeeded"]},"type":"SetVariable","inputs":{"name":"passwordCredentials","value":"@items('foreach_-_apps')['passwordCredentials']"}},"foreach_-_keyCreds":{"foreach":"@variables('keyCredentials')","actions":{"Future_time_is_greater_than_endDate_-_keyCreds":{"actions":{"Append_to_string_variable_2":{"runAfter":{"Set_variable_2":["Succeeded"]},"type":"AppendToStringVariable","inputs":{"name":"html","value":"<tr><td @{variables('styles').cellStyle}><a href=\"https://ms.portal.azure.com/#blade/Microsoft_AAD_RegisteredApps/ApplicationMenuBlade/Credentials/appId/@{variables('appId')}/isMSAApp/\">@{variables('appId')}</a></td><td @{variables('styles').cellStyle}>@{variables('displayName')}</td><td @{if(less(variables('daystilexpiration'), 15), variables('styles').redStyle, if(less(variables('daystilexpiration'), 30), variables('styles').yellowStyle, variables('styles').cellStyle))}>@{variables('daystilexpiration')} </td><td @{variables('styles').cellStyle}>Certificate</td><td @{variables('styles').cellStyle}>@{formatDateTime(item()?['endDateTime'], 'g')}</td></tr>"}},"EndTimeTickValue_2":{"type":"Compose","inputs":"@ticks(item()?['endDateTime'])"},"StartTimeTickValue_2":{"runAfter":{"EndTimeTickValue_2":["Succeeded"]},"type":"Compose","inputs":"@ticks(utcnow())"},"DifferenceAsDays_2":{"runAfter":{"StartTimeTickValue_2":["Succeeded"]},"type":"Compose","inputs":"@div(div(div(mul(sub(outputs('EndTimeTickValue_2'), outputs('StartTimeTickValue_2')), 100), 1000000000), 3600), 24)"},"Set_variable_2":{"runAfter":{"DifferenceAsDays_2":["Succeeded"]},"type":"SetVariable","inputs":{"name":"daystilexpiration","value":"@outputs('DifferenceAsDays_2')"}}},"else":{"actions":{}},"expression":{"greaterOrEquals":["@body('Get_future_time')","@items('foreach_-_keyCreds')?['endDateTime']"]},"type":"If"}},"runAfter":{"foreach_-_passwordCreds":["Succeeded"]},"type":"Foreach","runtimeConfiguration":{"concurrency":{"repetitions":1}}},"Set_variable_-_keyCredentials":{"runAfter":{"Set_variable_-_passwordCredentials":["Succeeded"]},"type":"SetVariable","inputs":{"name":"keyCredentials","value":"@items('foreach_-_apps')?['keyCredentials']"}}},"runAfter":{"Get_future_time":["Succeeded"]},"type":"Foreach","runtimeConfiguration":{"concurrency":{"repetitions":1}}},"HTTP_-_Get_AzureAD_Applications":{"type":"Http","inputs":{"uri":"@variables('NextLink')","method":"GET","authentication":{"type":"Raw","value":"Bearer @{body('Parse_JSON_-_Retrieve_token_info')?['access_token']}"}}},"Set_Nextlink":{"runAfter":{"foreach_-_apps":["Succeeded"]},"type":"SetVariable","inputs":{"name":"NextLink","value":"@body('Parse_JSON')?['@odata.nextLink']"}},"Parse_JSON":{"runAfter":{"HTTP_-_Get_AzureAD_Applications":["Succeeded"]},"type":"ParseJson","inputs":{"content":"@body('HTTP_-_Get_AzureAD_Applications')","schema":{"type":"object","properties":{"@@odata.context":{"type":"string"},"value":{"type":"array","items":{"type":"object","properties":{"appId":{"type":"string"},"displayName":{"type":"string"},"passwordCredentials":{"type":"array","items":{"type":"object","properties":{"customKeyIdentifier":{},"displayName":{},"endDateTime":{},"hint":{},"keyId":{},"secretText":{},"startDateTime":{}},"required":[]}},"keyCredentials":{"type":"array","items":{"type":"object","properties":{"customKeyIdentifier":{},"displayName":{},"endDateTime":{},"key":{},"keyId":{},"startDateTime":{},"type":{},"usage":{}},"required":[]}}},"required":[]}},"@@odata.nextLink":{"type":"string"}}}}}},"runAfter":{"Initialize_NextLink":["Succeeded"]},"expression":"@empty(variables('NextLink'))","limit":{"count":60,"timeout":"PT1H"},"type":"Until"},"Initialize_NextLink":{"runAfter":{"Parse_JSON_-_Retrieve_token_info":["Succeeded"]},"type":"InitializeVariable","inputs":{"variables":[{"name":"NextLink","type":"string","value":"https://graph.microsoft.com/v1.0/applications?$select=appId,displayName,passwordCredentials,keyCredentials&$top=999"}]}},"Initialize_variable_-_keyCredentials":{"runAfter":{"Initialize_variable_-_passwordCredentials":["Succeeded"]},"type":"InitializeVariable","inputs":{"variables":[{"name":"keyCredentials","type":"array"}]}},"Initialize_variable_-_daystilexpiration":{"runAfter":{"Initialize_variable_-_html":["Succeeded"]},"type":"InitializeVariable","inputs":{"variables":[{"name":"daystilexpiration","type":"float"}]}},"Send_results_email":{"runAfter":{"Append_to_variable_html":["Succeeded"]},"type":"OpenApiConnection","inputs":{"parameters":{"emailMessage/To":"user@domain.com","emailMessage/Subject":"Client Secrets due to expire in the next 45 days","emailMessage/Body":"\n<p>@{variables('html')}</p>"},"host":{"apiId":"/providers/Microsoft.PowerApps/apis/shared_office365","connectionName":"shared_office365","operationId":"SendEmailV2"},"authentication":"@parameters('$authentication')"}}},"outputs":{}},"connectionReferences":{"shared_office365":{"connectionName":"shared-office365-ba24fd27-704c-4f77-826b-956ca1f3c3ba","source":"Embedded","id":"/providers/Microsoft.PowerApps/apis/shared_office365","tier":"NotSpecified"}},"flowFailureAlertSubscribed":false,"isManaged":false}}